id;name;description;muscle_order;image_url_main;image_url_secondary;front
1;Washington Fresh Berkshire;Soft;14016;Multi-channelled;Sausages IB;false
2;Brand Ranch Fantastic;transmit magenta Gloves;33093;Georgia incentivize Multi-lateral;Pants;false
3;input Director;Chief;69732;Cambridgeshire Vision-oriented digital;turn-key;true
4;e-business;circuit;11762;Gloves Barbados Manat;synergize Steel;true
5;Computer Territory tertiary;Automotive;64976;ADP Oklahoma Personal;Granite;false
6;payment Bedfordshire;digital;94274;Chair morph Krona;innovative;true
7;azure Upgradable;generate deposit Savings;97363;Berkshire;modular back;false
8;Handmade static SSL;Georgia;65160;whiteboard deposit Strategist;Factors;false
9;Jewelery partnerships invoice;SMS Designer;9591;base;Infrastructure;false
10;Hawaii;Human;62006;Metal;COM Agent New;true
