id;title;description;workout_start_date_time;workout_end_date_time
1;Electronics Refined;Security;2021-11-26T04:00:26;2021-11-26T00:00:25
2;Bedfordshire;Plastic blockchains Stream;2021-11-25T21:36:25;2021-11-26T15:43:59
3;Division;SQL;2021-11-26T10:05:28;2021-11-26T15:02:36
4;content-based reboot Table;utilize;2021-11-26T07:42:52;2021-11-26T15:34:03
5;generating Regional;Knolls;2021-11-26T00:30:48;2021-11-26T06:08:10
6;Fundamental;Azerbaijan;2021-11-26T02:25:23;2021-11-26T11:41:18
7;Cotton violet;payment Cotton;2021-11-26T09:02:23;2021-11-26T19:43:56
8;online Multi-layered;integrated program Washington;2021-11-26T19:05:07;2021-11-26T17:09:29
9;Way Human holistic;platforms Costa;2021-11-26T05:12:31;2021-11-26T12:25:07
10;iterate dot-com Manager;Account;2021-11-26T15:48:28;2021-11-26T18:10:26
